{
  "baseline": {
    "5": [
      100.0,
      0.0
    ],
    "10": [
      100.0,
      0.0
    ],
    "15": [
      100.0,
      0.0
    ],
    "50": [
      100.0,
      0.0
    ]
  },
  "maml": {
    "5": [
      99.86666679382324,
      0.39999961853027355
    ],
    "10": [
      99.91111119588216,
      0.3325914505290125
    ],
    "15": [
      99.91111119588216,
      0.4786808596836568
    ]
  },
  "rl2": {
    "mean_accuracy": 22.833333333333332,
    "std_accuracy": 10.853826770109958,
    "mean_reward": -3.15
  },
  "per_disease": {
    "Chronic cholestasis": [
      95.7500010728836,
      3.544362123291691
    ],
    "Alcoholic hepatitis": [
      95.75000077486038,
      2.633913557019413
    ],
    "Common Cold": [
      96.87500059604645,
      2.836701875981991
    ],
    "Tuberculosis": [
      94.87500011920929,
      5.029600746826595
    ],
    "Hypoglycemia": [
      96.12500071525574,
      3.488821844265645
    ],
    "Hyperthyroidism": [
      95.3750005364418,
      4.128786706051281
    ]
  }
}